﻿<?xml version="1.0" encoding="utf-8"?>
<DisplayDriverUninstaller Version="18.0.6.9">
	<LogEntries>
		<Event>
			<Time>12/10/2023 4:37:25 PM</Time>
			<Message>The following paths are detected.</Message>
			<Values Separator=" = ">
				<KvP>
					<Key>[Found] AppExeFile</Key>
					<Value>C:\Heroic x fREQUENCYCS\DDU v18.0.6.9\Display Driver Uninstaller.exe</Value>
				</KvP>
				<KvP>
					<Key>[Found] AppBase</Key>
					<Value>C:\Heroic x fREQUENCYCS\DDU v18.0.6.9\</Value>
				</KvP>
				<KvP>
					<Key>[Found] Settings</Key>
					<Value>C:\Heroic x fREQUENCYCS\DDU v18.0.6.9\Settings\</Value>
				</KvP>
				<KvP>
					<Key>[Found] Logs</Key>
					<Value>C:\Heroic x fREQUENCYCS\DDU v18.0.6.9\DDU Logs\</Value>
				</KvP>
				<KvP>
					<Key>[Found] Language</Key>
					<Value>C:\Heroic x fREQUENCYCS\DDU v18.0.6.9\Settings\Languages\</Value>
				</KvP>
				<KvP />
				<KvP>
					<Key>[Found] ProgramFiles</Key>
					<Value>C:\Program Files\</Value>
				</KvP>
				<KvP>
					<Key>[Found] ProgramFilesx86</Key>
					<Value>C:\Program Files (x86)\</Value>
				</KvP>
				<KvP />
				<KvP>
					<Key>[Found] Roaming</Key>
					<Value>C:\ProgramData\</Value>
				</KvP>
				<KvP>
					<Key>[Not found] AppBaseRoaming</Key>
					<Value>C:\ProgramData\DisplayDriverUninstaller\</Value>
				</KvP>
				<KvP />
				<KvP>
					<Key>[Found] SystemDrive</Key>
					<Value>C:\</Value>
				</KvP>
				<KvP>
					<Key>[Found] WinDir</Key>
					<Value>C:\Windows\</Value>
				</KvP>
				<KvP>
					<Key>[Found] UserPath</Key>
					<Value>C:\Users\</Value>
				</KvP>
				<KvP>
					<Key>[Found] System32</Key>
					<Value>C:\Windows\system32\</Value>
				</KvP>
				<KvP>
					<Key>[Found] SysWOW64</Key>
					<Value>C:\Windows\SysWOW64\</Value>
				</KvP>
			</Values>
		</Event>
		<Event>
			<Time>12/10/2023 4:37:28 PM</Time>
			<Message>System Information</Message>
			<Values Separator=" : ">
				<KvP>
					<Key>DDU Version</Key>
					<Value>18.0.6.9</Value>
				</KvP>
				<KvP>
					<Key>OS</Key>
					<Value>Windows 11</Value>
				</KvP>
				<KvP>
					<Key>Win 10 1809+ ?</Key>
					<Value>True</Value>
				</KvP>
				<KvP>
					<Key>Architecture</Key>
					<Value>x64</Value>
				</KvP>
				<KvP>
					<Key>UserRights</Key>
					<Value>Admin</Value>
				</KvP>
				<KvP>
					<Key>Arguments</Key>
					<Value>&lt;empty&gt;</Value>
				</KvP>
				<KvP />
				<KvP>
					<Key>GPU #0000</Key>
					<Value>NVIDIA GeForce RTX 4070 Ti</Value>
				</KvP>
				<KvP>
					<Key>GPU DeviceID</Key>
					<Value>pci\ven_10de&amp;dev_2782</Value>
				</KvP>
				<KvP>
					<Key>Vbios</Key>
					<Value>Version95 04.31.00.a6</Value>
				</KvP>
				<KvP>
					<Key>Detected Driver(s) Version(s)</Key>
					<Value>31.0.15.4617</Value>
				</KvP>
				<KvP>
					<Key>INF name</Key>
					<Value>oem3.inf</Value>
				</KvP>
				<KvP>
					<Key>INF section</Key>
					<Value>Section079</Value>
				</KvP>
				<KvP />
				<KvP>
					<Key>GPU #0001</Key>
					<Value>Microsoft Basic Display Adapter</Value>
				</KvP>
				<KvP>
					<Key>GPU DeviceID</Key>
					<Value>PCI\CC_0300</Value>
				</KvP>
				<KvP>
					<Key>Detected Driver(s) Version(s)</Key>
					<Value>10.0.22621.1</Value>
				</KvP>
				<KvP>
					<Key>INF name</Key>
					<Value>display.inf</Value>
				</KvP>
				<KvP>
					<Key>INF section</Key>
					<Value>MSBDA</Value>
				</KvP>
				<KvP />
			</Values>
		</Event>
		<Warning>
			<Time>12/10/2023 4:37:28 PM</Time>
			<Message>We are not in Safe Mode</Message>
		</Warning>
		<Event>
			<Time>12/10/2023 4:37:28 PM</Time>
			<Message>The following third-party driver packages are installed on this computer</Message>
			<Values Separator=" = ">
				<KvP>
					<Value>C:\Windows\inf\oem0.inf</Value>
				</KvP>
				<KvP>
					<Key>Provider</Key>
					<Value>Microsoft</Value>
				</KvP>
				<KvP>
					<Key>Class</Key>
					<Value>Printer</Value>
				</KvP>
				<KvP />
				<KvP>
					<Value>C:\Windows\inf\oem1.inf</Value>
				</KvP>
				<KvP>
					<Key>Provider</Key>
					<Value>VMware, Inc.</Value>
				</KvP>
				<KvP>
					<Key>Class</Key>
					<Value>USB</Value>
				</KvP>
				<KvP />
				<KvP>
					<Value>C:\Windows\inf\oem11.inf</Value>
				</KvP>
				<KvP>
					<Key>Provider</Key>
					<Value>Razer Inc</Value>
				</KvP>
				<KvP>
					<Key>Class</Key>
					<Value>Razer Device</Value>
				</KvP>
				<KvP />
				<KvP>
					<Value>C:\Windows\inf\oem12.inf</Value>
				</KvP>
				<KvP>
					<Key>Provider</Key>
					<Value>Razer Inc</Value>
				</KvP>
				<KvP>
					<Key>Class</Key>
					<Value>HIDClass</Value>
				</KvP>
				<KvP />
				<KvP>
					<Value>C:\Windows\inf\oem13.inf</Value>
				</KvP>
				<KvP>
					<Key>Provider</Key>
					<Value>Razer Inc</Value>
				</KvP>
				<KvP>
					<Key>Class</Key>
					<Value>HIDClass</Value>
				</KvP>
				<KvP />
				<KvP>
					<Value>C:\Windows\inf\oem14.inf</Value>
				</KvP>
				<KvP>
					<Key>Provider</Key>
					<Value>Razer Inc</Value>
				</KvP>
				<KvP>
					<Key>Class</Key>
					<Value>Keyboard</Value>
				</KvP>
				<KvP />
				<KvP>
					<Value>C:\Windows\inf\oem15.inf</Value>
				</KvP>
				<KvP>
					<Key>Provider</Key>
					<Value>Razer Inc</Value>
				</KvP>
				<KvP>
					<Key>Class</Key>
					<Value>Mouse</Value>
				</KvP>
				<KvP />
				<KvP>
					<Value>C:\Windows\inf\oem16.inf</Value>
				</KvP>
				<KvP>
					<Key>Provider</Key>
					<Value>SteelSeries ApS</Value>
				</KvP>
				<KvP>
					<Key>Class</Key>
					<Value>SoftwareComponent</Value>
				</KvP>
				<KvP />
				<KvP>
					<Value>C:\Windows\inf\oem17.inf</Value>
				</KvP>
				<KvP>
					<Key>Provider</Key>
					<Value>SteelSeries ApS</Value>
				</KvP>
				<KvP>
					<Key>Class</Key>
					<Value>HIDClass</Value>
				</KvP>
				<KvP />
				<KvP>
					<Value>C:\Windows\inf\oem18.inf</Value>
				</KvP>
				<KvP>
					<Key>Provider</Key>
					<Value>SteelSeries ApS</Value>
				</KvP>
				<KvP>
					<Key>Class</Key>
					<Value>HIDClass</Value>
				</KvP>
				<KvP />
				<KvP>
					<Value>C:\Windows\inf\oem19.inf</Value>
				</KvP>
				<KvP>
					<Key>Provider</Key>
					<Value>SteelSeries ApS</Value>
				</KvP>
				<KvP>
					<Key>Class</Key>
					<Value>MEDIA</Value>
				</KvP>
				<KvP />
				<KvP>
					<Value>C:\Windows\inf\oem2.inf</Value>
				</KvP>
				<KvP>
					<Key>Provider</Key>
					<Value>Advanced Micro Devices, Inc</Value>
				</KvP>
				<KvP>
					<Key>Class</Key>
					<Value>System</Value>
				</KvP>
				<KvP />
				<KvP>
					<Value>C:\Windows\inf\oem20.inf</Value>
				</KvP>
				<KvP>
					<Key>Provider</Key>
					<Value>SteelSeries ApS</Value>
				</KvP>
				<KvP>
					<Key>Class</Key>
					<Value>SoftwareComponent</Value>
				</KvP>
				<KvP />
				<KvP>
					<Value>C:\Windows\inf\oem21.inf</Value>
				</KvP>
				<KvP>
					<Key>Provider</Key>
					<Value>SteelSeries ApS</Value>
				</KvP>
				<KvP>
					<Key>Class</Key>
					<Value>Extension</Value>
				</KvP>
				<KvP />
				<KvP>
					<Value>C:\Windows\inf\oem22.inf</Value>
				</KvP>
				<KvP>
					<Key>Provider</Key>
					<Value>VB-Audio Software</Value>
				</KvP>
				<KvP>
					<Key>Class</Key>
					<Value>MEDIA</Value>
				</KvP>
				<KvP />
				<KvP>
					<Value>C:\Windows\inf\oem23.inf</Value>
				</KvP>
				<KvP>
					<Key>Provider</Key>
					<Value>Audient</Value>
				</KvP>
				<KvP>
					<Key>Class</Key>
					<Value>MEDIA</Value>
				</KvP>
				<KvP />
				<KvP>
					<Value>C:\Windows\inf\oem24.inf</Value>
				</KvP>
				<KvP>
					<Key>Provider</Key>
					<Value>Audient</Value>
				</KvP>
				<KvP>
					<Key>Class</Key>
					<Value>audientusbaudio_sc</Value>
				</KvP>
				<KvP />
				<KvP>
					<Value>C:\Windows\inf\oem25.inf</Value>
				</KvP>
				<KvP>
					<Key>Provider</Key>
					<Value>TeamViewer Germany GmbH</Value>
				</KvP>
				<KvP>
					<Key>Class</Key>
					<Value>Display</Value>
				</KvP>
				<KvP />
				<KvP>
					<Value>C:\Windows\inf\oem26.inf</Value>
				</KvP>
				<KvP>
					<Key>Provider</Key>
					<Value>Intel</Value>
				</KvP>
				<KvP>
					<Key>Class</Key>
					<Value>Net</Value>
				</KvP>
				<KvP />
				<KvP>
					<Value>C:\Windows\inf\oem27.inf</Value>
				</KvP>
				<KvP>
					<Key>Provider</Key>
					<Value>Elgato </Value>
				</KvP>
				<KvP>
					<Key>Class</Key>
					<Value>Media</Value>
				</KvP>
				<KvP />
				<KvP>
					<Value>C:\Windows\inf\oem28.inf</Value>
				</KvP>
				<KvP>
					<Key>Provider</Key>
					<Value>Microsoft</Value>
				</KvP>
				<KvP>
					<Key>Class</Key>
					<Value>Printer</Value>
				</KvP>
				<KvP />
				<KvP>
					<Value>C:\Windows\inf\oem29.inf</Value>
				</KvP>
				<KvP>
					<Key>Provider</Key>
					<Value>Advanced Micro Devices, Inc</Value>
				</KvP>
				<KvP>
					<Key>Class</Key>
					<Value>System</Value>
				</KvP>
				<KvP />
				<KvP>
					<Value>C:\Windows\inf\oem3.inf</Value>
				</KvP>
				<KvP>
					<Key>Provider</Key>
					<Value>NVIDIA</Value>
				</KvP>
				<KvP>
					<Key>Class</Key>
					<Value>Display</Value>
				</KvP>
				<KvP />
				<KvP>
					<Value>C:\Windows\inf\oem30.inf</Value>
				</KvP>
				<KvP>
					<Key>Provider</Key>
					<Value>Advanced Micro Devices</Value>
				</KvP>
				<KvP>
					<Key>Class</Key>
					<Value>System</Value>
				</KvP>
				<KvP />
				<KvP>
					<Value>C:\Windows\inf\oem31.inf</Value>
				</KvP>
				<KvP>
					<Key>Provider</Key>
					<Value>Advanced Micro Devices, Inc</Value>
				</KvP>
				<KvP>
					<Key>Class</Key>
					<Value>System</Value>
				</KvP>
				<KvP />
				<KvP>
					<Value>C:\Windows\inf\oem32.inf</Value>
				</KvP>
				<KvP>
					<Key>Provider</Key>
					<Value>Advanced Micro Devices Inc.</Value>
				</KvP>
				<KvP>
					<Key>Class</Key>
					<Value>SecurityDevices</Value>
				</KvP>
				<KvP />
				<KvP>
					<Value>C:\Windows\inf\oem33.inf</Value>
				</KvP>
				<KvP>
					<Key>Provider</Key>
					<Value>VMware, Inc.</Value>
				</KvP>
				<KvP>
					<Key>Class</Key>
					<Value>NetService</Value>
				</KvP>
				<KvP />
				<KvP>
					<Value>C:\Windows\inf\oem34.inf</Value>
				</KvP>
				<KvP>
					<Key>Provider</Key>
					<Value>VMware, Inc.</Value>
				</KvP>
				<KvP>
					<Key>Class</Key>
					<Value>Net</Value>
				</KvP>
				<KvP />
				<KvP>
					<Value>C:\Windows\inf\oem35.inf</Value>
				</KvP>
				<KvP>
					<Key>Provider</Key>
					<Value>VMware, Inc.</Value>
				</KvP>
				<KvP>
					<Key>Class</Key>
					<Value>System</Value>
				</KvP>
				<KvP />
				<KvP>
					<Value>C:\Windows\inf\oem36.inf</Value>
				</KvP>
				<KvP>
					<Key>Provider</Key>
					<Value>ASUSTeK Computer Inc.</Value>
				</KvP>
				<KvP>
					<Key>Class</Key>
					<Value>Mouse</Value>
				</KvP>
				<KvP />
				<KvP>
					<Value>C:\Windows\inf\oem37.inf</Value>
				</KvP>
				<KvP>
					<Key>Provider</Key>
					<Value>ASUSTeK Computer Inc.</Value>
				</KvP>
				<KvP>
					<Key>Class</Key>
					<Value>Keyboard</Value>
				</KvP>
				<KvP />
				<KvP>
					<Value>C:\Windows\inf\oem38.inf</Value>
				</KvP>
				<KvP>
					<Key>Provider</Key>
					<Value>Realtek</Value>
				</KvP>
				<KvP>
					<Key>Class</Key>
					<Value>Net</Value>
				</KvP>
				<KvP />
				<KvP>
					<Value>C:\Windows\inf\oem39.inf</Value>
				</KvP>
				<KvP>
					<Key>Provider</Key>
					<Value>Advanced Micro Devices, Inc.</Value>
				</KvP>
				<KvP>
					<Key>Class</Key>
					<Value>System</Value>
				</KvP>
				<KvP />
				<KvP>
					<Value>C:\Windows\inf\oem4.inf</Value>
				</KvP>
				<KvP>
					<Key>Provider</Key>
					<Value>VB-Audio Software</Value>
				</KvP>
				<KvP>
					<Key>Class</Key>
					<Value>MEDIA</Value>
				</KvP>
				<KvP />
				<KvP>
					<Value>C:\Windows\inf\oem40.inf</Value>
				</KvP>
				<KvP>
					<Key>Provider</Key>
					<Value>Intel</Value>
				</KvP>
				<KvP>
					<Key>Class</Key>
					<Value>net</Value>
				</KvP>
				<KvP />
				<KvP>
					<Value>C:\Windows\inf\oem41.inf</Value>
				</KvP>
				<KvP>
					<Key>Provider</Key>
					<Value>Intel</Value>
				</KvP>
				<KvP>
					<Key>Class</Key>
					<Value>net</Value>
				</KvP>
				<KvP />
				<KvP>
					<Value>C:\Windows\inf\oem42.inf</Value>
				</KvP>
				<KvP>
					<Key>Provider</Key>
					<Value>Intel</Value>
				</KvP>
				<KvP>
					<Key>Class</Key>
					<Value>net</Value>
				</KvP>
				<KvP />
				<KvP>
					<Value>C:\Windows\inf\oem43.inf</Value>
				</KvP>
				<KvP>
					<Key>Provider</Key>
					<Value>TunnelBear Provider V9</Value>
				</KvP>
				<KvP>
					<Key>Class</Key>
					<Value>Net</Value>
				</KvP>
				<KvP />
				<KvP>
					<Value>C:\Windows\inf\oem44.inf</Value>
				</KvP>
				<KvP>
					<Key>Provider</Key>
					<Value>WireGuard LLC</Value>
				</KvP>
				<KvP>
					<Key>Class</Key>
					<Value>Net</Value>
				</KvP>
				<KvP />
				<KvP>
					<Value>C:\Windows\inf\oem45.inf</Value>
				</KvP>
				<KvP>
					<Key>Provider</Key>
					<Value>NVIDIA</Value>
				</KvP>
				<KvP>
					<Key>Class</Key>
					<Value>Mouse</Value>
				</KvP>
				<KvP />
				<KvP>
					<Value>C:\Windows\inf\oem47.inf</Value>
				</KvP>
				<KvP>
					<Key>Provider</Key>
					<Value>Advanced Micro Devices, Inc.</Value>
				</KvP>
				<KvP>
					<Key>Class</Key>
					<Value>System</Value>
				</KvP>
				<KvP />
				<KvP>
					<Value>C:\Windows\inf\oem48.inf</Value>
				</KvP>
				<KvP>
					<Key>Provider</Key>
					<Value>Advanced Micro Devices, Inc.</Value>
				</KvP>
				<KvP>
					<Key>Class</Key>
					<Value>System</Value>
				</KvP>
				<KvP />
				<KvP>
					<Value>C:\Windows\inf\oem49.inf</Value>
				</KvP>
				<KvP>
					<Key>Provider</Key>
					<Value>Intel</Value>
				</KvP>
				<KvP>
					<Key>Class</Key>
					<Value>Net</Value>
				</KvP>
				<KvP />
				<KvP>
					<Value>C:\Windows\inf\oem5.inf</Value>
				</KvP>
				<KvP>
					<Key>Provider</Key>
					<Value>NVIDIA</Value>
				</KvP>
				<KvP>
					<Key>Class</Key>
					<Value>SoftwareDevice</Value>
				</KvP>
				<KvP />
				<KvP>
					<Value>C:\Windows\inf\oem50.inf</Value>
				</KvP>
				<KvP>
					<Key>Provider</Key>
					<Value>Intel</Value>
				</KvP>
				<KvP>
					<Key>Class</Key>
					<Value>Net</Value>
				</KvP>
				<KvP />
				<KvP>
					<Value>C:\Windows\inf\oem51.inf</Value>
				</KvP>
				<KvP>
					<Key>Provider</Key>
					<Value>Advanced Micro Devices, Inc.</Value>
				</KvP>
				<KvP>
					<Key>Class</Key>
					<Value>System</Value>
				</KvP>
				<KvP />
				<KvP>
					<Value>C:\Windows\inf\oem52.inf</Value>
				</KvP>
				<KvP>
					<Key>Provider</Key>
					<Value>Advanced Micro Devices, Inc.</Value>
				</KvP>
				<KvP>
					<Key>Class</Key>
					<Value>System</Value>
				</KvP>
				<KvP />
				<KvP>
					<Value>C:\Windows\inf\oem6.inf</Value>
				</KvP>
				<KvP>
					<Key>Provider</Key>
					<Value>NVIDIA</Value>
				</KvP>
				<KvP>
					<Key>Class</Key>
					<Value>USB</Value>
				</KvP>
				<KvP />
				<KvP>
					<Value>C:\Windows\inf\oem7.inf</Value>
				</KvP>
				<KvP>
					<Key>Provider</Key>
					<Value>SteelSeries</Value>
				</KvP>
				<KvP>
					<Key>Class</Key>
					<Value>System</Value>
				</KvP>
				<KvP />
				<KvP>
					<Value>C:\Windows\inf\oem8.inf</Value>
				</KvP>
				<KvP>
					<Key>Provider</Key>
					<Value>Razer Inc</Value>
				</KvP>
				<KvP>
					<Key>Class</Key>
					<Value>HIDClass</Value>
				</KvP>
				<KvP />
				<KvP>
					<Value>C:\Windows\inf\oem9.inf</Value>
				</KvP>
				<KvP>
					<Key>Provider</Key>
					<Value>SteelSeries ApS</Value>
				</KvP>
				<KvP>
					<Key>Class</Key>
					<Value>Extension</Value>
				</KvP>
				<KvP />
			</Values>
		</Event>
		<Event>
			<Time>12/10/2023 4:37:40 PM</Time>
			<Message>Trying to impersonate the SYSTEM account... SUCCESS !</Message>
			<Values Separator=" : ">
				<KvP>
					<Key>Number of process to check</Key>
					<Value>142</Value>
				</KvP>
				<KvP>
					<Key>steamwebhelper</Key>
					<Value>Skipping : S-1-5-21-876154804-2629248223-2154296336-1001</Value>
				</KvP>
				<KvP>
					<Key>Intelligent standby list cleaner ISLC</Key>
					<Value>Skipping : S-1-5-21-876154804-2629248223-2154296336-1001</Value>
				</KvP>
				<KvP>
					<Key>RTSS</Key>
					<Value>Skipping : S-1-5-21-876154804-2629248223-2154296336-1001</Value>
				</KvP>
				<KvP>
					<Key>chrome</Key>
					<Value>Skipping : S-1-5-21-876154804-2629248223-2154296336-1001</Value>
				</KvP>
				<KvP>
					<Key>chrome</Key>
					<Value>Skipping : S-1-5-21-876154804-2629248223-2154296336-1001</Value>
				</KvP>
				<KvP>
					<Key>winlogon</Key>
					<Value>S-1-5-18</Value>
				</KvP>
				<KvP>
					<Key>winlogon</Key>
					<Value>SYSTEM account impersonalisation SUCCESS</Value>
				</KvP>
			</Values>
		</Event>
		<Event>
			<Time>12/10/2023 4:37:40 PM</Time>
			<Message>Reverting the Impersonalisation is successful !</Message>
		</Event>
		<Event>
			<Time>12/10/2023 4:39:26 PM</Time>
			<Message>&gt;&gt; Successfully saved log to file!</Message>
		</Event>
	</LogEntries>
</DisplayDriverUninstaller>